{
  "loss": 0.010909547097980976,
  "mae": 0.07814089208841324,
  "val_loss": 0.005985898897051811,
  "val_mae": 0.05748571455478668,
  "epoch": 6,
  "global_step": 252
}